{
  "BestF1": 0.9792491303826316,
  "BestThreshold": 0.42431071094406514,
  "P@95_threshold": 0.15004413000401018,
  "P@95_recall": 0.991014799154334
}